{
  "project_info": {
    "project_number": "867336087217",
    "firebase_url": "https://recipes-847cf.firebaseio.com",
    "project_id": "recipes-847cf",
    "storage_bucket": "recipes-847cf.appspot.com"
  },
  "client": [
    {
      "client_info": {
        "mobilesdk_app_id": "1:867336087217:android:14ccff253f5a0ff03da490",
        "android_client_info": {
          "package_name": "com.developer.store.recipes"
        }
      },
      "oauth_client": [
        {
          "client_id": "867336087217-jbossnsghot4qbmv8cc70oj9ofk1se75.apps.googleusercontent.com",
          "client_type": 1,
          "android_info": {
            "package_name": "com.developer.store.recipes",
            "certificate_hash": "244d524848a25bce24c72fc1a9f8be1f30285798"
          }
        },
        {
          "client_id": "867336087217-7hc988shjhd0har9rjoa05j85iet12tp.apps.googleusercontent.com",
          "client_type": 3
        }
      ],
      "api_key": [
        {
          "current_key": "AIzaSyD69eXCXXLlMpWSnn1ZSC-UDR5hpResc2c"
        }
      ],
      "services": {
        "appinvite_service": {
          "other_platform_oauth_client": [
            {
              "client_id": "867336087217-7hc988shjhd0har9rjoa05j85iet12tp.apps.googleusercontent.com",
              "client_type": 3
            }
          ]
        }
      }
    }
  ],
  "configuration_version": "1"
}